run_uid,question_id,dataset,is_representative,is_correct,probe_margin,se_probe_margin,entropy_baseline_margin,probe_prob_correct,se_probe_prob_high,entropy_baseline_prob,semantic_entropy,mean_think_entropy,think_token_len,think_char_len,umap_x,umap_y
math-198-1,198,math,False,True,2.07555,3.44833,1.04407,0.8885,0.96918,0.73963,1.22753,0.10874,4747,10048,-2.50316,4.98321
math-323-6,323,math,False,True,11.69558,-18.43084,1.32462,0.99999,0.0,0.78995,-0.0,0.092,548,1457,-1.35121,1.12884
math-334-3,334,math,True,True,7.26469,4.87225,-1.43895,0.9993,0.9924,0.19171,1.16828,0.25687,7103,17600,18.62402,6.99693
math-139-5,139,math,False,False,-12.30887,5.80386,-2.97008,0.0,0.99699,0.0488,0.80182,0.34822,8192,4,-19.58806,-3.57169
math-92-5,92,math,False,True,3.88622,3.31046,-0.4946,0.97989,0.96479,0.37881,0.32508,0.20053,1226,3835,-1.62474,1.76632
math-12-6,12,math,False,False,-8.52779,-30.63877,-0.30635,0.0002,0.0,0.42401,-0.0,0.1893,8192,4,-18.2334,-0.22151
math-77-9,77,math,False,True,6.11806,-5.25739,-1.29627,0.9978,0.00518,0.21479,-0.0,0.24836,1290,4103,14.62825,11.94981
math-307-8,307,math,True,False,-9.48652,-4.25222,-1.68554,8e-05,0.01403,0.15636,-0.0,0.27158,8192,4,-19.16962,-2.75007
math-300-3,300,math,False,True,9.53808,7.23137,0.14281,0.99993,0.99928,0.53564,0.32508,0.16251,1874,5280,-0.63943,7.62611
math-208-0,208,math,False,True,10.12911,-4.74909,0.50417,0.99996,0.00859,0.62344,-0.0,0.14095,611,1896,3.7062,8.57681
math-307-4,307,math,False,False,-12.25006,-4.20243,-1.18394,0.0,0.01474,0.23435,-0.0,0.24166,8192,4,-18.11453,-3.8953
math-30-8,30,math,False,True,6.85541,4.44911,-0.9461,0.99895,0.98845,0.27967,0.61086,0.22747,1343,4675,1.57854,7.87938
math-122-5,122,math,True,True,12.09767,-19.98913,1.37934,0.99999,0.0,0.79889,-0.0,0.08873,515,1470,5.61266,9.91354
math-103-4,103,math,True,True,6.26164,-18.49662,1.11743,0.9981,0.0,0.75351,-0.0,0.10436,693,1861,1.86711,10.89431
math-382-1,382,math,False,False,-47.86232,-4.89198,-1.51552,0.0,0.00745,0.18012,-0.0,0.26144,8192,4,-19.37983,-3.3858
math-442-3,442,math,False,True,8.49737,-8.90687,1.30914,0.9998,0.00014,0.78737,-0.0,0.09292,539,1481,3.75603,6.00957
math-142-3,142,math,False,True,3.12063,12.09704,-1.71969,0.95774,0.99999,0.15191,0.32508,0.27362,1306,5274,1.67244,7.75068
math-421-1,421,math,False,False,-3.58232,3.91935,-0.12699,0.02706,0.98053,0.46829,0.61086,0.1786,1077,3290,14.09376,11.41462
math-224-4,224,math,False,True,6.99942,6.52534,0.48774,0.99909,0.99854,0.61957,0.5004,0.14193,6642,13613,-3.2696,5.38869
math-144-4,144,math,False,True,3.71459,-2.27266,0.94498,0.97621,0.09341,0.7201,-0.0,0.11465,2191,5530,14.00042,10.5605
math-123-6,123,math,False,True,1.75043,8.28607,0.90217,0.85201,0.99975,0.7114,0.63903,0.1172,632,1732,1.87802,7.41092
math-384-9,384,math,False,False,-4.70695,-10.25894,1.43609,0.00895,4e-05,0.80785,-0.0,0.08535,867,2338,1.21152,6.03191
math-147-7,147,math,False,True,5.277,-3.022,0.71065,0.99492,0.04644,0.67054,-0.0,0.12863,743,2058,2.9993,11.6949
math-86-2,86,math,False,True,6.30837,-7.8838,0.47154,0.99818,0.00038,0.61575,-0.0,0.14289,961,3260,1.87928,9.29115
math-374-7,374,math,False,True,18.4327,3.56048,0.84422,1.0,0.97236,0.69935,-0.0,0.12066,1360,3053,1.09436,8.1818
math-68-1,68,math,True,True,8.9857,-6.49379,-0.16348,0.99987,0.00151,0.45922,-0.0,0.18078,1154,3686,1.17593,8.55215
math-24-6,24,math,False,False,5.44554,-12.95842,0.90636,0.9957,0.0,0.71226,-0.0,0.11695,1067,3112,1.15929,5.86788
math-44-3,44,math,False,False,-31.8598,-24.41686,-1.00286,0.0,0.0,0.26838,-0.0,0.23086,8192,4,-18.16417,-3.55138
math-339-4,339,math,False,False,-2.03801,-0.71475,1.08681,0.11527,0.32855,0.74778,-0.0,0.10619,1609,3937,0.20617,9.34804
math-66-6,66,math,False,True,3.06487,11.62066,-0.6234,0.95542,0.99999,0.34901,0.63903,0.20822,604,1854,2.86253,9.69757
math-249-2,249,math,True,True,9.32182,4.49981,1.38705,0.99991,0.98901,0.80012,0.32508,0.08827,5738,11681,15.40318,10.11028
math-55-3,55,math,False,True,3.10001,3.40244,0.59718,0.95689,0.96778,0.64501,0.32508,0.1354,538,1513,3.65786,10.38925
math-415-2,415,math,False,True,12.4625,-11.41556,0.42726,1.0,1e-05,0.60522,-0.0,0.14554,1282,3264,14.23073,11.88096
math-434-6,434,math,False,True,-6.42007,-0.97746,1.0945,0.00163,0.2734,0.74923,-0.0,0.10573,1346,2932,-0.4867,8.81039
math-225-5,225,math,False,False,-6.39782,16.63221,0.5683,0.00166,1.0,0.63837,0.67301,0.13712,8192,4,13.7941,10.35113
math-314-5,314,math,False,True,8.62478,-7.0314,0.39933,0.99982,0.00088,0.59853,-0.0,0.1472,568,1979,2.39049,8.81702
math-449-5,449,math,False,True,4.89435,-3.15564,0.87845,0.99257,0.04087,0.7065,-0.0,0.11862,1186,2501,0.15736,10.78803
math-136-5,136,math,True,True,10.0512,-10.62824,0.73157,0.99996,2e-05,0.67515,-0.0,0.12738,1398,3767,0.58302,9.26909
math-484-6,484,math,False,True,6.46197,-0.37728,-0.59437,0.99844,0.40678,0.35563,-0.0,0.20649,4288,11927,18.59241,6.4626
math-263-9,263,math,False,True,6.67046,-9.54981,1.50097,0.99873,7e-05,0.81772,-0.0,0.08148,358,814,4.87755,10.15923
math-450-9,450,math,False,True,13.6927,-17.13517,0.63875,1.0,0.0,0.65447,-0.0,0.13292,761,1733,1.58355,10.70872
math-50-1,50,math,False,True,9.1773,-16.39873,1.12094,0.9999,0.0,0.75416,-0.0,0.10415,691,1874,5.37943,9.47791
math-3-9,3,math,False,True,10.27513,-6.19248,1.32293,0.99997,0.00204,0.78967,-0.0,0.0921,916,2095,-1.61887,1.58318
math-8-5,8,math,False,False,-6.69265,-2.84539,0.84954,0.00124,0.05492,0.70047,-0.0,0.12034,3218,8695,14.47048,10.31325
math-107-8,107,math,False,False,-4.9889,-13.8655,0.13671,0.00677,0.0,0.53412,-0.0,0.16287,808,3020,0.90819,6.67501
math-489-6,489,math,False,False,-3.36978,-11.55365,1.4152,0.03325,1e-05,0.80458,-0.0,0.0866,565,1372,3.29393,9.19003
math-472-3,472,math,False,True,10.11782,-12.44482,1.69724,0.99996,0.0,0.84517,-0.0,0.06977,570,1371,3.37059,9.24799
math-322-5,322,math,False,True,3.71615,-2.75684,0.41693,0.97625,0.0597,0.60275,-0.0,0.14615,812,2430,2.10606,8.75778
math-399-1,399,math,False,False,-31.53781,16.20969,-0.19585,0.0,1.0,0.45119,2.16396,0.18271,2715,6521,14.89259,10.28784
math-334-9,334,math,False,True,5.04389,5.61518,-1.53968,0.99359,0.99637,0.17658,1.16828,0.26288,7004,17755,18.63214,7.01135
math-310-5,310,math,True,True,10.33841,2.10221,-0.0547,0.99997,0.89112,0.48633,-0.0,0.17429,4789,11362,-2.95167,5.96787
math-317-8,317,math,False,True,7.13296,-9.40373,0.8631,0.9992,8e-05,0.70331,-0.0,0.11953,1634,4089,14.56982,11.56013
math-306-1,306,math,False,False,-5.30785,-12.08329,1.26171,0.00493,1e-05,0.77932,-0.0,0.09575,837,2060,5.39876,9.27719
math-357-6,357,math,False,True,4.83168,3.87073,0.81008,0.99209,0.97958,0.69213,0.32508,0.1227,2732,6984,-0.82231,6.87901
math-152-4,152,math,False,False,-2.31189,6.40912,-0.42604,0.09014,0.99836,0.39507,1.49787,0.19644,7477,18942,19.39759,6.94241
math-387-8,387,math,False,True,9.14449,-7.85181,0.506,0.99989,0.00039,0.62387,-0.0,0.14084,1408,3576,0.75879,7.12059
math-146-3,146,math,False,False,-31.98709,10.69003,1.05771,0.0,0.99998,0.74225,0.32508,0.10792,8192,4,-18.44132,-1.38993
math-22-8,22,math,False,False,-18.27573,5.37771,-0.26967,0.0,0.9954,0.43299,0.61086,0.18711,8192,4,-19.4993,-3.82798
math-216-0,216,math,False,True,9.25045,-15.89154,1.65008,0.9999,0.0,0.8389,-0.0,0.07258,1102,2428,1.1607,5.85724
math-321-0,321,math,False,True,5.6829,5.34168,-0.29994,0.99661,0.99523,0.42557,0.63903,0.18892,2430,6407,-2.01958,7.39916
math-295-7,295,math,False,False,-7.0396,29.07084,-0.81128,0.00088,1.0,0.30762,0.89795,0.21943,8192,4,-18.16657,-0.27059
math-177-5,177,math,False,True,-0.29165,-3.24524,0.13067,0.4276,0.0375,0.53262,0.32508,0.16323,2658,5821,-1.07704,7.95205
math-112-7,112,math,False,True,13.29981,-7.70944,0.52916,1.0,0.00045,0.62929,-0.0,0.13946,776,2267,3.07383,8.35273
math-483-2,483,math,False,False,-50.58532,15.88543,-1.33948,0.0,1.0,0.2076,1.41848,0.25094,8192,4,-19.32841,-2.08512
math-3-3,3,math,False,True,6.21526,-5.92075,1.46116,0.99801,0.00268,0.81171,-0.0,0.08385,662,1521,-1.50819,1.36779
math-330-3,330,math,False,True,4.58108,-2.33128,0.12786,0.98986,0.08857,0.53192,-0.0,0.1634,610,2028,3.6239,9.51285
math-420-0,420,math,False,False,-1.97911,4.13365,0.82383,0.12141,0.98423,0.69505,0.94045,0.12188,6794,17442,15.38913,10.05191
math-276-5,276,math,True,True,18.24676,-20.65793,0.95724,1.0,0.0,0.72257,-0.0,0.11392,412,983,-1.35988,1.14039
math-461-2,461,math,False,False,-50.87402,-4.57501,-1.42532,0.0,0.0102,0.19383,-0.0,0.25606,8192,4,-18.65522,-1.66319
math-358-4,358,math,False,True,3.75631,1.33821,0.50535,0.97716,0.79219,0.62372,0.32508,0.14088,2873,6677,-1.41341,6.93397
math-243-7,243,math,False,False,-6.42532,-7.83703,1.13901,0.00162,0.00039,0.7575,-0.0,0.10307,4691,8807,-2.63847,6.58702
math-10-4,10,math,False,False,-59.77199,-11.64517,-3.79968,0.0,1e-05,0.02189,-0.0,0.39771,8192,4,-19.5084,-2.13433
math-30-7,30,math,False,True,4.75793,5.5633,-1.58471,0.99149,0.99618,0.17013,0.61086,0.26557,1461,5358,1.54106,7.72369
math-39-6,39,math,False,True,5.1564,-8.27172,1.16567,0.99427,0.00026,0.76236,-0.0,0.10148,452,1180,4.01323,9.68274
math-132-1,132,math,False,True,3.29878,-9.0406,0.76883,0.96439,0.00012,0.68327,-0.0,0.12516,1113,2429,15.60623,12.7216
math-267-8,267,math,True,True,10.84258,-6.69334,0.54256,0.99998,0.00124,0.63241,-0.0,0.13866,943,2852,2.14004,8.76392
math-93-1,93,math,False,True,6.40035,-5.70098,1.19828,0.99834,0.00333,0.76822,-0.0,0.09954,2097,4692,-0.54334,7.91289
math-353-1,353,math,False,False,-86.30459,-4.33819,-0.92107,0.0,0.01289,0.28474,-0.0,0.22598,8192,4,-18.73978,-0.97279
math-315-7,315,math,False,True,5.12848,-6.30259,0.74604,0.99411,0.00183,0.67831,-0.0,0.12652,1104,3456,1.99875,10.26159
math-469-2,469,math,False,True,2.95757,6.87048,1.24097,0.95062,0.99896,0.77573,0.32508,0.09699,1008,2620,3.42859,3.75665
math-418-1,418,math,False,True,17.47063,-8.65052,0.18912,1.0,0.00018,0.54714,-0.0,0.15974,1033,2732,15.61835,12.73601
math-401-1,401,math,False,False,-42.3251,-3.58949,-2.31653,0.0,0.02687,0.08976,-0.0,0.30923,8192,4,-19.36285,-3.91459
math-80-3,80,math,False,True,5.34825,-15.26479,0.39326,0.99527,0.0,0.59707,-0.0,0.14756,635,1819,5.48388,9.44915
math-209-5,209,math,False,True,10.16151,-7.20893,0.62893,0.99996,0.00074,0.65225,-0.0,0.1335,924,2576,1.7684,8.47824
math-382-4,382,math,False,False,-20.49185,-9.97342,-1.11217,0.0,5e-05,0.24747,-0.0,0.23738,8192,4,-18.8033,-3.59003
math-183-3,183,math,False,True,6.27003,-9.87137,1.4052,0.99811,5e-05,0.80301,-0.0,0.08719,447,1274,3.9056,9.19747
math-98-3,98,math,False,False,-8.59147,6.24244,-1.53396,0.00019,0.99806,0.17741,0.94045,0.26254,1326,4026,1.28124,8.41147
math-87-5,87,math,False,True,11.05007,-8.2716,-0.64441,0.99998,0.00026,0.34425,-0.0,0.20947,451,1703,3.5023,9.05723
math-389-7,389,math,False,True,9.79536,-11.90781,1.3682,0.99994,1e-05,0.79709,-0.0,0.0894,1259,3264,13.02856,11.33881
math-480-9,480,math,False,True,3.70286,-2.19502,-1.62149,0.97594,0.1002,0.165,-0.0,0.26776,7366,21088,-2.93878,4.72948
math-58-3,58,math,False,True,7.65141,2.03833,0.70915,0.99952,0.88476,0.67021,0.32508,0.12872,945,2464,2.81591,7.51961
math-63-8,63,math,False,True,8.86142,-3.64218,1.22178,0.99986,0.02553,0.77238,-0.0,0.09813,4899,11965,-2.85909,5.3719
math-21-7,21,math,True,True,10.0261,-11.36178,-0.02709,0.99996,1e-05,0.49323,-0.0,0.17264,432,1268,3.40015,11.02783
math-167-5,167,math,False,False,-26.95672,-18.49915,-2.49441,0.0,0.0,0.07625,-0.0,0.31984,8192,4,-19.00707,-2.4963
math-67-7,67,math,False,True,7.50484,-17.83674,1.04351,0.99945,0.0,0.73953,-0.0,0.10877,1094,2596,1.1848,5.85452
math-361-0,361,math,False,True,1.24308,-6.10197,-0.13295,0.7761,0.00223,0.46681,-0.0,0.17896,2051,5995,14.52241,10.97775
math-371-0,371,math,True,True,12.0785,-3.82554,0.7255,0.99999,0.02134,0.67382,-0.0,0.12774,571,1722,2.62385,10.39384
math-432-6,432,math,False,False,-4.57229,6.93441,0.77719,0.01023,0.99903,0.68507,1.74807,0.12466,7324,16745,-2.68818,3.78807
math-51-3,51,math,False,True,3.53292,7.8226,0.44982,0.97161,0.9996,0.6106,0.32508,0.14419,2747,6183,-1.63366,7.20522
math-9-9,9,math,False,True,8.69573,-11.28941,0.81746,0.99983,1e-05,0.6937,-0.0,0.12226,858,2413,2.11472,9.7432
math-203-3,203,math,False,True,6.57892,-5.85542,-0.62832,0.99861,0.00286,0.34789,-0.0,0.20851,3276,10058,-1.40745,7.11456
math-214-9,214,math,False,True,11.16947,5.15381,-0.30938,0.99999,0.99426,0.42327,0.32508,0.18948,4638,11651,18.54664,6.42872
math-267-1,267,math,False,True,9.65536,-8.65469,0.84637,0.99994,0.00017,0.69981,-0.0,0.12053,993,2792,2.06435,8.82866
math-187-9,187,math,False,True,2.24359,-3.03907,0.77885,0.9041,0.04569,0.68543,-0.0,0.12456,2676,6899,-1.23854,6.98427
math-63-5,63,math,False,True,7.51264,-5.52233,1.50116,0.99945,0.00398,0.81775,-0.0,0.08147,3245,7656,14.30899,10.22971
math-32-8,32,math,False,False,-7.53323,-8.63804,0.75386,0.00053,0.00018,0.68002,-0.0,0.12605,654,1701,3.09848,11.64966
math-124-1,124,math,True,True,5.66884,6.57165,0.42976,0.99656,0.9986,0.60582,1.16828,0.14539,6460,15440,15.25582,9.94759
math-171-5,171,math,False,True,5.14087,4.0473,0.69489,0.99418,0.98283,0.66705,0.67301,0.12957,4979,11744,-2.68397,5.21869
math-259-4,259,math,False,True,4.55252,-4.86573,1.18187,0.98957,0.00765,0.76528,0.32508,0.10052,860,2270,2.60414,8.02289
math-171-8,171,math,False,False,-36.0069,20.11856,-0.8499,0.0,1.0,0.29945,0.67301,0.22173,8192,4,-17.84006,0.66114
math-181-6,181,math,False,True,2.54963,3.90977,0.90969,0.92755,0.98035,0.71294,0.63903,0.11675,1704,4186,0.31151,7.68138
math-145-0,145,math,False,True,15.01094,-6.2281,0.23581,1.0,0.00197,0.55868,-0.0,0.15696,569,1594,4.88357,9.56585
math-84-9,84,math,False,True,-4.65233,-6.55653,0.62419,0.00945,0.00142,0.65117,-0.0,0.13379,3536,7188,-1.51166,6.50757
math-96-2,96,math,False,True,11.83844,-9.80941,1.00283,0.99999,5e-05,0.73162,-0.0,0.1112,975,2289,12.76352,12.5328
math-290-3,290,math,False,True,8.39944,-5.16709,0.31278,0.99978,0.00567,0.57756,-0.0,0.15237,3055,7765,-1.20772,6.94708
math-451-1,451,math,False,True,7.6661,-6.06045,0.72769,0.99953,0.00233,0.6743,-0.0,0.12761,2508,5574,-1.29434,7.11745
math-266-3,266,math,False,True,18.51718,-5.33568,0.40269,1.0,0.00479,0.59933,-0.0,0.147,914,2381,1.57804,9.50604
math-263-4,263,math,False,True,7.64591,-9.44052,0.64499,0.99952,8e-05,0.65588,-0.0,0.13255,610,1473,5.13974,9.66474
math-32-0,32,math,False,False,-5.32545,-8.41487,0.72189,0.00484,0.00022,0.67302,-0.0,0.12796,583,1605,3.21667,11.57347
math-293-1,293,math,False,True,7.63541,8.5271,0.92441,0.99952,0.9998,0.71594,0.5004,0.11588,6030,11885,-2.65855,4.79707
math-178-0,178,math,False,False,-15.2422,8.8293,-1.99133,0.0,0.99985,0.12012,1.16828,0.28983,7767,23902,-3.27409,4.75362
math-139-7,139,math,False,False,-20.55076,5.45225,-2.93482,0.0,0.99573,0.05046,0.80182,0.34612,8192,4,-19.33088,-3.56621
math-396-6,396,math,False,True,1.01434,-5.85966,0.37132,0.73387,0.00284,0.59178,-0.0,0.14887,1676,4448,1.37911,10.552
math-27-9,27,math,False,False,-19.71607,4.14552,-2.34764,0.0,0.98441,0.08725,0.94045,0.31109,8192,4,-19.5538,-3.25678
math-285-0,285,math,True,False,-5.93454,-16.33106,1.0724,0.00264,0.0,0.74505,-0.0,0.10705,8192,4,-18.02737,0.1485
math-361-9,361,math,False,True,6.24437,-3.06749,-0.21718,0.99806,0.04447,0.44592,-0.0,0.18398,1796,5058,14.59968,10.8989
math-277-0,277,math,False,True,1.15,-3.45626,0.84204,0.75951,0.03058,0.69889,-0.0,0.12079,3230,7977,-1.5389,6.80708
math-378-1,378,math,False,True,6.58223,2.59521,-0.81607,0.99862,0.93055,0.3066,0.32508,0.21971,3895,9843,-2.07912,5.44182
math-354-9,354,math,False,True,7.10548,-5.82215,0.00909,0.99918,0.00295,0.50227,-0.0,0.17048,1734,5989,13.73982,11.49301
math-398-0,398,math,False,True,6.60027,-16.25053,1.01551,0.99864,0.0,0.7341,-0.0,0.11044,517,1278,5.17845,9.68976
math-112-6,112,math,False,True,10.05191,-7.69306,0.22686,0.99996,0.00046,0.55647,-0.0,0.15749,757,2292,3.07989,8.35713
math-392-7,392,math,False,False,-51.39255,12.67363,0.27108,0.0,1.0,0.56736,0.32508,0.15485,8192,4,-18.46572,-0.76096
math-250-3,250,math,False,True,3.53331,-4.68511,1.24167,0.97162,0.00915,0.77585,-0.0,0.09695,3043,6060,-1.47908,6.98074
math-178-5,178,math,False,False,-57.2057,4.83116,-1.86129,0.0,0.99209,0.13455,1.16828,0.28207,8192,4,-19.33609,-1.90152
math-496-8,496,math,False,True,3.24953,3.0323,0.21698,0.96266,0.95401,0.55403,0.32508,0.15808,2948,7843,-2.16967,2.73263
math-24-2,24,math,False,False,3.82235,-12.59656,0.69587,0.97859,0.0,0.66727,-0.0,0.12951,1429,4249,0.92431,5.97521
math-190-5,190,math,False,False,-53.71184,-9.28134,-0.92803,0.0,9e-05,0.28332,-0.0,0.22639,8192,4,-18.47148,-0.99735
math-443-7,443,math,False,True,14.30244,-13.01866,0.70029,1.0,0.0,0.66825,-0.0,0.12925,1064,2572,-1.75044,1.70896
math-128-4,128,math,False,False,-10.04063,-4.02988,0.97583,4e-05,0.01747,0.72628,-0.0,0.11281,1162,3149,0.39151,9.60962
math-25-9,25,math,False,False,-11.90071,2.49878,0.81535,1e-05,0.92406,0.69325,2.30259,0.12238,2022,5223,14.99961,11.31748
math-462-8,462,math,True,True,14.18278,-8.28036,0.13916,1.0,0.00025,0.53473,-0.0,0.16272,4080,10342,16.09251,12.45702
math-477-1,477,math,False,True,6.29446,6.00438,0.2267,0.99816,0.99754,0.55643,0.63903,0.1575,1018,3213,2.28465,7.80549
math-445-8,445,math,False,False,-44.83028,11.30211,-1.0474,0.0,0.99999,0.25972,-0.0,0.23351,8192,4,-18.84622,-1.04784
math-488-9,488,math,False,True,10.73875,-7.48718,1.05242,0.99998,0.00056,0.74124,-0.0,0.10824,914,2008,1.16187,9.49209
math-217-7,217,math,False,True,-3.94758,0.26943,0.1166,0.01894,0.56695,0.52912,0.94045,0.16407,1316,3790,1.38447,7.77469
math-406-8,406,math,False,True,3.92955,5.50815,-0.04323,0.98073,0.99596,0.48919,0.32508,0.1736,968,3457,2.07524,8.19073
math-375-4,375,math,False,True,6.42706,-5.09095,0.26855,0.99839,0.00611,0.56674,-0.0,0.155,589,1937,3.60102,9.73977
math-449-0,449,math,False,True,3.91982,-3.98254,0.68895,0.98054,0.0183,0.66573,-0.0,0.12992,1620,3376,0.1599,10.80639
math-364-7,364,math,False,True,13.93093,-15.78963,0.70393,1.0,0.0,0.66906,-0.0,0.12903,505,1572,4.96511,9.34254
math-321-5,321,math,False,False,-5.48261,5.76493,-2.39686,0.00414,0.99687,0.08341,0.63903,0.31402,7904,25333,18.7514,6.81115
math-183-9,183,math,False,True,9.57067,-10.6907,1.73369,0.99993,2e-05,0.84988,-0.0,0.06759,484,1186,3.75149,9.1038
math-489-7,489,math,True,False,-1.98959,-7.6307,1.12161,0.1203,0.00049,0.75429,-0.0,0.10411,649,1536,3.20522,9.04833
math-333-3,333,math,False,False,-42.60206,0.95837,-0.64237,0.0,0.7228,0.34471,1.16828,0.20935,8192,4,-18.43354,-1.39499
math-455-2,455,math,True,True,6.64373,-1.06922,-1.13766,0.9987,0.25555,0.24275,-0.0,0.2389,4888,13560,18.71092,6.40526
math-239-0,239,math,True,True,12.99135,-7.27962,0.76495,1.0,0.00069,0.68243,-0.0,0.12539,1801,5305,15.84586,12.70497
math-1-8,1,math,False,False,-6.34232,-4.47564,-0.36276,0.00176,0.01125,0.41029,-0.0,0.19267,742,2337,2.18696,10.21137
math-365-4,365,math,False,True,6.43138,-3.89826,-1.38353,0.99839,0.01987,0.20044,-0.0,0.25357,6167,18552,19.31656,6.77097
math-357-7,357,math,False,True,3.73548,4.58093,0.16351,0.97669,0.98986,0.54079,0.32508,0.16127,2134,5585,13.54822,10.98522
math-459-4,459,math,False,True,2.55468,8.5771,-2.08324,0.92789,0.99981,0.11074,0.32508,0.29531,2714,9041,-1.73123,7.69307
math-20-4,20,math,False,False,-4.2326,5.49282,-1.09574,0.01431,0.9959,0.25054,0.94045,0.2364,7746,22851,-2.89063,4.54533
math-264-4,264,math,False,True,3.96322,-3.81984,0.78473,0.98135,0.02146,0.6867,-0.0,0.12421,1072,2977,1.87829,8.60823
math-397-3,397,math,False,False,-6.4273,5.094,-0.4202,0.00161,0.9939,0.39647,0.89795,0.19609,8192,4,-19.12041,-3.61923
math-109-1,109,math,False,False,-39.77716,-21.94667,-1.97613,0.0,0.0,0.12173,-0.0,0.28892,8192,4,-17.88499,-0.16471
math-148-8,148,math,False,False,-8.49285,6.83523,-0.30024,0.0002,0.99893,0.4255,1.49787,0.18894,7808,19337,19.38532,6.9647
math-21-1,21,math,False,True,5.9273,-11.35796,0.29772,0.99734,1e-05,0.57388,-0.0,0.15326,394,1161,3.57042,10.97643
math-450-1,450,math,False,True,10.03861,-16.93271,0.51466,0.99996,0.0,0.6259,-0.0,0.14032,850,2027,1.60461,10.72845
math-139-2,139,math,False,False,-56.09236,4.84367,-3.47778,0.0,0.99218,0.02995,0.80182,0.37851,8192,4,-19.38523,-3.51705
math-207-0,207,math,False,False,-2.22891,2.55154,0.72087,0.09718,0.92768,0.6728,1.05492,0.12802,1499,3565,0.96336,8.75897
math-379-8,379,math,False,True,1.62494,5.30181,1.23543,0.83548,0.99504,0.77477,0.94045,0.09732,1801,4192,0.18402,7.67303
math-255-9,255,math,False,True,9.09788,-7.76252,-0.04521,0.99989,0.00043,0.4887,-0.0,0.17372,2064,6415,-0.10976,7.52223
math-428-8,428,math,False,True,6.34259,-10.82503,0.75772,0.99824,2e-05,0.68086,-0.0,0.12582,636,1850,2.80302,9.03574
math-231-7,231,math,False,True,6.81317,-3.99185,-0.95472,0.9989,0.01813,0.27794,-0.0,0.22798,6448,18302,18.56523,7.0926
math-338-6,338,math,False,True,10.41811,-4.67334,-0.12318,0.99997,0.00925,0.46924,-0.0,0.17837,1044,3345,1.55601,8.40947
math-383-9,383,math,False,True,6.26171,7.09325,-0.93351,0.9981,0.99917,0.28221,0.63903,0.22672,6552,22242,15.33513,10.0201
math-65-2,65,math,False,False,-18.66869,4.428,0.89558,0.0,0.9882,0.71004,0.89795,0.1176,8192,4,-18.26492,-3.6525
math-411-9,411,math,False,True,5.82372,-2.93278,0.42629,0.99705,0.05056,0.60499,-0.0,0.14559,1241,3240,1.48607,9.73204
math-36-4,36,math,False,True,5.80712,-11.71939,1.05343,0.997,1e-05,0.74143,-0.0,0.10818,1050,2437,13.83828,11.28793
math-437-6,437,math,False,True,2.66395,5.50225,0.35845,0.93487,0.99594,0.58867,0.32508,0.14964,2728,6940,-1.19293,5.95023
math-35-9,35,math,False,True,6.69183,5.83223,1.37901,0.99876,0.99708,0.79883,0.32508,0.08875,2240,4873,-0.93459,8.04556
math-224-1,224,math,False,False,-6.72851,35.28523,-0.16204,0.00119,1.0,0.45958,0.5004,0.18069,8192,4,-18.0338,-3.71533
math-317-4,317,math,False,True,7.73169,-11.8004,1.28138,0.99956,1e-05,0.78268,-0.0,0.09458,1266,3167,14.61305,11.82228
math-364-6,364,math,False,True,6.00917,-14.64254,1.14308,0.99755,0.0,0.75825,-0.0,0.10283,648,1951,4.99393,9.3029
math-247-1,247,math,False,True,4.5821,5.49905,-1.08407,0.98987,0.99593,0.25274,0.63903,0.2357,912,3151,2.27126,7.55162
math-12-0,12,math,False,False,-33.60477,-9.3323,-0.04626,0.0,9e-05,0.48844,-0.0,0.17379,8192,4,-19.29369,-3.33961
math-353-4,353,math,False,False,-33.05776,-19.86439,-0.64366,0.0,0.0,0.34442,-0.0,0.20943,8192,4,-19.20335,-1.76597
math-447-0,447,math,False,True,4.85394,-6.33659,1.33687,0.99226,0.00177,0.79198,-0.0,0.09127,1400,3037,13.8649,11.35019
math-461-4,461,math,False,False,-65.14567,-6.05547,-1.97229,0.0,0.00234,0.12214,-0.0,0.28869,8192,4,-19.57526,-3.90721
math-459-1,459,math,False,True,2.23058,6.86477,-1.81799,0.90296,0.99896,0.13967,0.32508,0.27949,2497,8306,-1.7225,7.73284
math-71-0,71,math,False,False,-7.18189,3.96389,0.27518,0.00076,0.98136,0.56836,0.94045,0.15461,675,1827,0.42632,9.79943
math-241-6,241,math,False,False,-32.27768,-5.8854,-1.54058,0.0,0.00277,0.17645,-0.0,0.26294,8192,4,-19.50457,-3.92563
math-90-1,90,math,False,False,-1.69424,2.18394,1.67403,0.15522,0.8988,0.84211,0.94045,0.07115,2347,4339,-1.14291,7.74417
math-474-4,474,math,False,True,6.89564,5.53891,-1.91223,0.99899,0.99608,0.12873,0.94045,0.28511,6365,18579,18.588,6.75769
math-494-4,494,math,False,True,13.76693,-4.87116,1.26631,1.0,0.00761,0.78011,-0.0,0.09548,3093,6770,15.9079,11.54613
math-332-6,332,math,False,True,8.71262,4.62698,0.91468,0.99984,0.99031,0.71396,-0.0,0.11646,2321,5038,14.60717,10.7625
math-254-8,254,math,False,True,7.79204,-5.77407,0.06717,0.99959,0.0031,0.51679,-0.0,0.16702,601,1903,3.6779,9.61278
math-145-6,145,math,False,True,15.38391,-8.17748,0.87839,1.0,0.00028,0.70649,-0.0,0.11862,562,1428,4.96352,9.54167
math-106-9,106,math,False,True,3.05191,-3.59776,0.88611,0.95487,0.02666,0.70809,-0.0,0.11816,1451,3345,0.43332,7.86253
math-353-5,353,math,False,False,-33.45205,-13.96102,0.14136,0.0,0.0,0.53528,-0.0,0.16259,8192,4,-19.0307,-1.24627
math-477-9,477,math,False,False,-1.41422,7.63234,-0.80541,0.19557,0.99952,0.30887,0.63903,0.21908,979,3261,2.29788,7.79695
math-175-1,175,math,False,True,1.66223,-3.32803,0.17562,0.84054,0.03462,0.54379,-0.0,0.16055,1215,3863,1.12681,6.10235
math-488-1,488,math,False,True,10.21515,-6.63716,0.75067,0.99996,0.00131,0.67932,-0.0,0.12624,976,2403,1.15463,9.49472
math-98-4,98,math,False,False,-5.88295,7.20506,-1.7784,0.00278,0.99926,0.1445,0.94045,0.27712,1532,5032,1.39355,8.45042
math-348-7,348,math,False,True,4.54305,-6.31641,1.14025,0.98947,0.0018,0.75773,-0.0,0.103,1404,3415,13.60813,11.94012
math-137-8,137,math,True,False,-25.8641,5.57108,-0.45197,0.0,0.99621,0.38889,-0.0,0.19799,8192,4,-18.29549,-0.38967
math-412-5,412,math,False,True,6.12918,-4.30298,-0.30367,0.99783,0.01335,0.42466,-0.0,0.18914,828,3061,2.46201,8.21615
math-273-4,273,math,False,True,6.90574,6.24883,0.54167,0.999,0.99807,0.6322,0.32508,0.13871,2943,6032,15.80572,11.55316
math-293-7,293,math,False,True,5.50084,4.4812,1.12087,0.99593,0.98881,0.75415,0.5004,0.10415,5307,10090,-2.61395,4.85661
math-429-5,429,math,False,True,9.25989,2.52783,-0.59934,0.9999,0.92607,0.35449,0.63903,0.20678,5106,13570,18.39733,7.21342
math-498-9,498,math,False,False,-42.17642,-3.90607,-0.96614,0.0,0.01972,0.27565,-0.0,0.22867,8192,4,-19.33109,-3.70794
math-122-1,122,math,False,True,7.48514,-17.88641,0.97342,0.99944,0.0,0.7258,-0.0,0.11295,469,1381,5.6298,9.89125
math-397-5,397,math,False,True,4.4097,9.83554,-0.7276,0.98799,0.99995,0.32572,0.89795,0.21443,7350,20348,-3.65212,4.92649
math-131-9,131,math,False,True,2.83275,-4.31667,0.26661,0.94442,0.01317,0.56626,-0.0,0.15512,4069,8022,-1.38641,5.69692
math-458-3,458,math,False,True,9.16007,-9.29399,0.14264,0.99989,9e-05,0.5356,-0.0,0.16252,287,904,3.38629,10.02192
math-311-3,311,math,False,True,16.71617,-14.25822,0.13218,1.0,0.0,0.533,-0.0,0.16314,1198,3227,0.64081,8.42273
math-36-6,36,math,False,True,7.09681,-10.76114,0.84196,0.99917,2e-05,0.69888,-0.0,0.12079,1021,2325,-1.16252,5.79053
math-295-0,295,math,False,False,-6.43003,18.30465,-0.71644,0.00161,1.0,0.32818,0.89795,0.21377,8192,4,-19.55057,-3.70263
math-414-8,414,math,False,True,7.25524,-14.64382,0.6437,0.99929,0.0,0.65559,-0.0,0.13262,440,1199,3.30511,11.43344
math-5-3,5,math,False,False,-9.01662,4.81472,-1.73098,0.00012,0.99196,0.15046,2.30259,0.2743,2210,6555,-2.08147,7.46024
math-473-9,473,math,False,True,3.76369,-8.08657,0.90519,0.97733,0.00031,0.71201,-0.0,0.11702,727,1914,2.44547,9.44737
math-134-0,134,math,False,True,5.50785,2.97081,0.38375,0.99596,0.95124,0.59478,0.32508,0.14813,1085,3687,1.93858,8.56047
math-212-7,212,math,False,True,9.78329,-9.78865,0.43582,0.99994,6e-05,0.60726,-0.0,0.14502,985,2488,0.71812,9.82926
math-95-3,95,math,False,False,-11.58422,16.30715,-1.54977,1e-05,1.0,0.17512,0.63903,0.26348,7748,24544,-3.53834,4.86418
math-302-2,302,math,True,False,11.07524,2.39902,0.10787,0.99998,0.91675,0.52694,0.32508,0.16459,3129,7865,-2.637,7.01482
math-410-4,410,math,False,True,3.6581,2.86116,0.48752,0.97487,0.94589,0.61952,0.32508,0.14194,4111,10439,14.6777,10.14643
math-210-0,210,math,False,True,6.74758,-4.98485,-0.25363,0.99883,0.00679,0.43693,-0.0,0.18616,2969,6972,18.20839,6.15195
math-395-5,395,math,True,True,10.37703,11.9262,0.67826,0.99997,0.99999,0.66335,0.32508,0.13056,4136,9521,14.79975,9.99419
math-337-9,337,math,False,True,12.37318,-10.24161,1.19669,1.0,4e-05,0.76794,-0.0,0.09963,838,1832,1.42369,9.96444
math-340-7,340,math,False,True,7.96137,-4.08187,0.18218,0.99965,0.0166,0.54542,-0.0,0.16016,2397,6421,-1.23682,7.62172
math-39-7,39,math,True,True,7.54867,-6.36083,0.92398,0.99947,0.00172,0.71585,-0.0,0.1159,514,1424,4.11396,9.76148
math-291-9,291,math,False,True,9.99847,-10.76902,1.2474,0.99995,2e-05,0.77685,-0.0,0.09661,1179,2821,13.71784,11.72153
math-87-3,87,math,False,True,15.1691,-6.66318,-0.26714,1.0,0.00128,0.43361,-0.0,0.18696,361,1370,3.48637,8.95316
math-472-4,472,math,False,True,9.52611,-14.23096,1.39615,0.99993,0.0,0.80157,-0.0,0.08773,632,1561,3.24082,9.13251
math-163-5,163,math,False,True,6.69985,-7.68022,0.68378,0.99877,0.00046,0.66458,-0.0,0.13023,1939,5235,-0.65503,7.94558
math-259-0,259,math,True,True,5.62754,-5.02205,1.17331,0.99642,0.00655,0.76374,0.32508,0.10103,796,2307,2.56585,8.17504
math-31-0,31,math,True,False,-2.75028,-5.99717,-0.61427,0.06007,0.00248,0.35108,-0.0,0.20767,1306,3424,13.79747,11.87672
math-410-6,410,math,True,True,8.70444,5.31635,0.55447,0.99983,0.99511,0.63517,0.32508,0.13795,4779,12534,15.16888,10.26981
math-406-0,406,math,True,True,6.29662,5.21823,-0.82482,0.99816,0.99461,0.30474,0.32508,0.22023,1029,3819,2.05994,8.16032
math-91-1,91,math,False,True,10.63934,-17.08785,0.74807,0.99998,0.0,0.67876,-0.0,0.1264,567,1635,3.81267,9.47819
math-346-4,346,math,False,True,3.88434,-3.82601,0.55136,0.97985,0.02133,0.63445,-0.0,0.13813,549,1414,3.44274,3.74348
math-434-3,434,math,False,True,-0.50697,3.94139,1.26711,0.37591,0.98095,0.78025,-0.0,0.09543,1530,3052,-0.46733,8.76722
math-128-9,128,math,True,False,-3.48311,-5.59361,0.73253,0.0298,0.00371,0.67536,-0.0,0.12732,1810,4563,13.70167,11.78158
math-85-3,85,math,False,True,10.27599,-7.55003,1.3461,0.99997,0.00053,0.79349,-0.0,0.09072,1837,4620,14.9701,11.79492
math-41-2,41,math,True,True,13.19996,-8.92647,0.36171,1.0,0.00013,0.58945,0.32508,0.14945,1190,3471,1.57252,8.84077
math-36-7,36,math,False,True,0.10266,-11.46547,1.04684,0.52564,1e-05,0.74017,-0.0,0.10857,1136,2597,13.86232,11.28689
math-170-1,170,math,False,False,-2.48024,3.3287,0.8842,0.07725,0.9654,0.70769,0.63903,0.11827,543,1719,3.26161,9.79277
math-235-1,235,math,False,True,8.18872,-13.89183,0.74398,0.99972,0.0,0.67786,-0.0,0.12664,2603,6196,15.83843,12.41408
math-271-8,271,math,False,True,7.0386,-4.61678,-0.4069,0.99912,0.00979,0.39966,-0.0,0.1953,1050,3186,2.70347,8.35764
math-183-7,183,math,False,True,8.1199,-10.19,1.41163,0.9997,4e-05,0.80402,-0.0,0.08681,545,1354,3.66615,9.01972
math-228-2,228,math,False,False,-7.71644,6.657,-1.69586,0.00045,0.99872,0.15501,2.30259,0.2722,518,1961,2.40074,10.04995
math-350-5,350,math,False,False,-51.17974,8.46539,-1.9246,0.0,0.99979,0.12735,0.32508,0.28585,8192,4,-17.8819,-0.20617
math-347-1,347,math,False,True,6.6479,-16.55037,1.23703,0.9987,0.0,0.77505,-0.0,0.09722,1043,2608,12.95776,11.40196
math-48-8,48,math,False,True,6.97865,-7.66237,0.50561,0.99907,0.00047,0.62378,-0.0,0.14086,1012,3218,15.75241,12.14008
math-213-2,213,math,False,True,4.32677,-7.01839,1.14429,0.98696,0.00089,0.75847,-0.0,0.10276,834,2653,2.75412,8.20792
math-196-3,196,math,False,True,16.80101,-13.64985,1.25452,1.0,0.0,0.77808,-0.0,0.09618,3015,6224,-1.36714,6.99508
math-284-5,284,math,False,True,9.64024,-5.34008,0.35306,0.99993,0.00477,0.58736,-0.0,0.14996,831,2342,1.75327,10.10777
math-116-7,116,math,False,True,5.79415,-4.78055,0.48314,0.99696,0.00832,0.61849,-0.0,0.1422,1008,3009,1.23469,9.3525
math-440-5,440,math,False,True,3.18904,-2.92418,1.48254,0.96042,0.05097,0.81496,-0.0,0.08258,3267,7562,0.02659,5.80358
math-254-6,254,math,False,True,4.52204,-6.0739,0.59602,0.98925,0.0023,0.64475,-0.0,0.13547,509,1520,3.77054,9.69588
math-59-6,59,math,False,True,1.75543,5.04491,0.77342,0.85264,0.9936,0.68426,0.32508,0.12488,1381,2663,0.22855,10.77557
math-83-6,83,math,False,False,-64.60253,-5.86693,-2.14667,0.0,0.00282,0.10464,-0.0,0.2991,8192,4,-17.93841,0.28933
math-206-9,206,math,False,True,3.39129,-5.95933,1.1289,0.96743,0.00257,0.75564,-0.0,0.10368,2840,7358,14.64401,11.02881
math-277-3,277,math,False,True,3.51417,-7.10725,0.79545,0.97109,0.00082,0.689,-0.0,0.12357,2997,7584,-1.29928,6.88305
math-276-7,276,math,False,True,16.9948,-20.51382,1.27218,1.0,0.0,0.78112,-0.0,0.09513,393,952,-1.35005,1.12888
math-217-3,217,math,False,True,-5.47263,0.15934,0.27339,0.00418,0.53975,0.56793,0.94045,0.15472,961,2829,1.4952,7.80977
math-196-5,196,math,False,True,21.58194,-11.56429,1.0436,1.0,1e-05,0.73954,-0.0,0.10876,1313,3104,0.50258,8.47646
math-223-9,223,math,False,False,-59.33515,9.98615,-1.10125,0.0,0.99995,0.24951,0.5004,0.23673,8192,4,-19.38781,-2.25695
math-311-0,311,math,False,True,16.18334,-14.14838,0.04743,1.0,0.0,0.51186,-0.0,0.1682,1598,4502,0.44324,8.44236
math-323-4,323,math,False,True,10.06488,-18.20323,0.46693,0.99996,0.0,0.61466,-0.0,0.14317,814,2028,-1.38269,1.17561
math-365-3,365,math,True,True,12.81273,-5.68161,-1.15782,1.0,0.0034,0.23906,-0.0,0.2401,6592,19017,19.20484,6.73791
math-20-9,20,math,False,False,-18.36671,11.16868,-1.27014,0.0,0.99999,0.21923,0.94045,0.2468,8192,4,-19.57326,-3.6526
math-89-6,89,math,False,False,-34.65796,-6.37693,-1.05658,0.0,0.0017,0.25796,-0.0,0.23406,8192,4,-19.32195,-3.64096
math-164-1,164,math,True,True,8.52223,-5.08687,0.46,0.9998,0.00614,0.61301,-0.0,0.14358,4525,11728,15.59358,10.2882
math-457-7,457,math,False,True,1.9596,6.86737,1.13725,0.87649,0.99896,0.75717,1.35924,0.10318,3317,7333,13.28539,10.78947
math-2-2,2,math,False,False,-35.83117,5.1199,-0.69042,0.0,0.99406,0.33394,0.67301,0.21222,8192,4,-18.3637,-3.66141
math-235-3,235,math,False,True,12.78797,-13.37288,0.71725,1.0,0.0,0.672,-0.0,0.12823,1709,3978,15.68082,12.64965
math-407-8,407,math,False,True,16.04244,-11.57322,0.59201,1.0,1e-05,0.64383,-0.0,0.13571,517,1321,2.96543,9.79992
math-197-1,197,math,False,True,10.52176,-13.41508,0.53127,0.99997,0.0,0.62978,-0.0,0.13933,863,1907,5.61995,9.23153
math-342-7,342,math,False,True,11.45507,-7.39654,-0.28986,0.99999,0.00061,0.42804,-0.0,0.18832,1179,3759,13.05785,11.4511
math-461-6,461,math,False,False,-38.38623,-6.25173,-1.55198,0.0,0.00192,0.1748,-0.0,0.26362,8192,4,-19.06296,-3.43448
math-185-4,185,math,False,False,-40.97238,9.99678,-0.68001,0.0,0.99995,0.33626,0.94045,0.21159,8192,4,-19.7321,-3.30217
math-309-5,309,math,False,False,-32.56856,13.34593,-0.8283,0.0,1.0,0.304,-0.0,0.22044,8192,4,-18.10356,-3.69331
math-303-5,303,math,False,True,6.48167,4.77093,0.33666,0.99847,0.9916,0.58338,0.89795,0.15094,5887,11179,-3.18915,5.51381
math-95-1,95,math,False,False,-51.28595,4.32362,-3.10595,0.0,0.98692,0.04286,0.63903,0.35633,8192,4,-19.17169,-3.32093
math-161-1,161,math,False,True,4.83132,-9.50511,0.39413,0.99209,7e-05,0.59728,-0.0,0.14751,719,1926,2.65606,9.10217
math-211-4,211,math,False,False,-24.65382,4.06596,-0.69743,0.0,0.98314,0.33238,0.94335,0.21263,8192,4,-18.01297,-0.19641
math-493-6,493,math,False,True,4.69004,-4.47195,0.01655,0.9909,0.0113,0.50414,-0.0,0.17004,962,2983,12.72811,12.56443
math-159-0,159,math,False,True,7.40498,-2.68805,0.99983,0.99939,0.06368,0.73103,-0.0,0.11138,1799,3815,0.05373,7.93728
math-409-8,409,math,True,False,-3.13618,3.38341,-0.14249,0.04164,0.96718,0.46444,0.61086,0.17953,5720,14814,-3.07276,5.43928
math-246-4,246,math,False,True,8.68904,-9.14031,1.41687,0.99983,0.00011,0.80485,-0.0,0.0865,3523,6891,16.19331,12.51875
math-74-3,74,math,False,True,8.48243,-7.08202,0.32135,0.99979,0.00084,0.57965,-0.0,0.15185,1185,3008,0.69119,8.57812
math-67-1,67,math,False,True,6.7763,-20.16816,1.02264,0.99886,0.0,0.73549,-0.0,0.11002,1113,2672,1.19118,5.83008
math-373-2,373,math,False,False,-8.0253,5.99436,-0.03776,0.00033,0.99751,0.49056,0.80182,0.17328,4849,12978,14.96653,10.06306
math-290-9,290,math,False,True,5.95385,-2.94566,0.50525,0.99741,0.04994,0.62369,-0.0,0.14088,3659,9382,15.7262,10.7735
math-273-5,273,math,False,True,3.18611,4.43697,0.97723,0.96031,0.98831,0.72656,0.32508,0.11272,2569,5184,15.84016,11.51331
math-386-4,386,math,False,True,2.40539,8.76197,0.80851,0.91724,0.99984,0.69179,1.22753,0.12279,1697,3791,3.65932,6.08795
math-87-7,87,math,False,True,12.55291,-10.05227,-0.18596,1.0,4e-05,0.45364,-0.0,0.18212,558,1946,3.45822,8.93647
math-295-4,295,math,False,False,-2.7077,4.0018,-0.90089,0.06252,0.98205,0.28887,0.89795,0.22477,7874,18942,18.66351,6.83906
math-277-5,277,math,False,True,3.99358,-2.98802,0.6724,0.9819,0.04797,0.66204,-0.0,0.13091,3600,8864,-1.83426,6.64784
math-113-4,113,math,True,False,12.9749,-5.38943,0.41027,1.0,0.00454,0.60115,1.74807,0.14655,1754,4859,14.89321,11.39958
math-155-0,155,math,False,False,-45.9229,-5.43495,-2.93402,0.0,0.00434,0.0505,-0.0,0.34607,8192,4,-18.65648,-3.77251
math-19-2,19,math,True,False,-16.89135,-33.06963,-2.32088,0.0,0.0,0.08941,-0.0,0.30949,8192,4,-19.28501,-2.81163
math-65-1,65,math,False,False,-4.41573,7.93768,1.2588,0.01194,0.99964,0.77882,0.89795,0.09593,7597,15844,-3.03508,4.94716
math-405-5,405,math,False,True,18.60517,-13.57118,0.76255,1.0,0.0,0.68191,-0.0,0.12553,515,1717,2.95943,7.51573
math-181-5,181,math,True,True,5.41357,3.17205,0.87091,0.99556,0.95977,0.70493,0.63903,0.11907,1575,3749,0.40242,7.69256
math-363-6,363,math,False,False,-4.54256,5.30405,-0.51868,0.01053,0.99505,0.37316,0.32508,0.20197,1012,4085,14.46861,12.06491
math-233-4,233,math,False,True,7.08269,4.19831,0.05747,0.99916,0.9852,0.51436,1.16828,0.1676,7074,15634,-3.01105,4.95395
math-344-2,344,math,False,True,8.14384,-6.90538,-0.18962,0.99971,0.001,0.45274,-0.0,0.18234,1173,4073,1.64195,8.16622
math-355-6,355,math,False,True,6.91791,-4.96455,-1.36758,0.99901,0.00693,0.20301,-0.0,0.25261,3276,10554,18.23673,6.18777
math-38-7,38,math,False,True,5.4852,-6.87387,-0.98935,0.99587,0.00103,0.27104,-0.0,0.23005,852,3238,2.2075,8.96107
math-239-9,239,math,False,True,12.70451,-7.2139,0.92024,1.0,0.00074,0.71509,-0.0,0.11612,1897,5459,15.82512,12.74992
math-393-4,393,math,False,False,-24.21218,-4.96294,-1.67893,0.0,0.00694,0.15724,-0.0,0.27119,8192,4,-18.0491,-3.6083
math-453-5,453,math,False,True,9.99298,-6.63195,-0.43477,0.99995,0.00132,0.39299,-0.0,0.19696,1824,5973,-0.27176,7.79944
math-289-2,289,math,False,True,6.25387,2.69048,0.5378,0.99808,0.93646,0.6313,0.63903,0.13894,2828,7563,14.62913,10.45233
math-465-3,465,math,False,True,4.68269,-6.31455,0.54202,0.99083,0.00181,0.63228,-0.0,0.13869,1963,5457,0.98331,5.90585
math-209-8,209,math,False,True,6.66624,-4.69378,0.80897,0.99873,0.00907,0.69189,-0.0,0.12276,1232,3045,1.13755,8.0029
math-131-4,131,math,False,True,6.20575,-4.34412,0.40615,0.99799,0.01282,0.60016,-0.0,0.1468,4528,8577,-1.64428,5.59567
math-231-3,231,math,False,True,6.84554,-3.86441,0.64503,0.99894,0.02054,0.65589,-0.0,0.13254,3927,10609,15.72032,10.57001
math-331-2,331,math,False,True,2.43445,-4.35104,0.95834,0.91942,0.01273,0.72279,-0.0,0.11385,2013,4989,-0.42141,7.88748
math-391-2,391,math,False,True,-0.1771,0.86963,-1.15638,0.45584,0.70467,0.23933,-0.0,0.24002,5742,16754,18.93587,6.62584
math-441-5,441,math,False,True,15.06194,-18.66403,1.53551,1.0,0.0,0.82281,-0.0,0.07942,940,2232,2.67094,11.32082
math-414-1,414,math,False,True,10.46013,-13.39277,0.76632,0.99997,0.0,0.68272,-0.0,0.12531,466,1335,3.1852,11.44616
math-490-1,490,math,False,True,11.53143,-6.26502,0.82088,0.99999,0.0019,0.69442,-0.0,0.12205,3875,9558,16.21392,12.5001
math-264-7,264,math,False,True,3.63746,-3.04702,0.77974,0.97436,0.04535,0.68562,-0.0,0.12451,778,2240,2.09682,8.85221
math-384-4,384,math,False,False,-2.79894,-9.13397,0.86306,0.05738,0.00011,0.7033,-0.0,0.11954,1126,3146,1.05168,6.07659
math-57-6,57,math,False,False,-2.13375,2.60201,1.25206,0.10586,0.93099,0.77766,1.22753,0.09633,503,1299,1.76133,9.70822
math-129-7,129,math,False,True,6.99081,8.02599,-1.08507,0.99908,0.99967,0.25255,0.32508,0.23576,2823,8044,-2.28861,6.58727
math-300-7,300,math,True,True,16.48159,2.42996,0.13888,1.0,0.91908,0.53466,0.32508,0.16274,2073,6385,13.99017,10.86833
math-68-5,68,math,False,True,8.3251,-3.64639,-2.24073,0.99976,0.02542,0.09615,-0.0,0.30471,4722,16199,18.57336,6.42391
math-58-2,58,math,True,True,8.75795,-2.26313,0.86957,0.99984,0.09422,0.70466,0.32508,0.11915,1000,2526,2.82417,7.51461
math-112-5,112,math,False,True,10.93178,-4.79138,0.3628,0.99998,0.00823,0.58972,-0.0,0.14938,808,2503,3.03075,8.30596
math-494-1,494,math,True,True,15.35389,-9.1136,0.87166,1.0,0.00011,0.70509,-0.0,0.11902,2902,5774,15.89266,11.55413
math-57-4,57,math,False,True,1.50731,5.39812,1.24937,0.81866,0.9955,0.77719,1.22753,0.09649,527,1350,1.88932,9.73658
math-53-8,53,math,False,True,7.99083,-9.55307,0.96503,0.99966,7e-05,0.72413,-0.0,0.11345,922,2175,2.81015,11.68873
math-156-3,156,math,False,True,2.72243,-4.13433,-0.42009,0.93834,0.01576,0.3965,-0.0,0.19609,2199,6967,-0.73558,7.23062
math-66-5,66,math,False,True,2.78812,6.0759,-0.33859,0.94203,0.99771,0.41615,0.63903,0.19123,573,1688,2.85668,9.6469
math-119-3,119,math,False,True,5.03738,5.24697,0.87608,0.99355,0.99476,0.70601,0.94335,0.11876,6284,12232,-3.10897,5.1945
math-104-5,104,math,False,False,-37.15803,-5.46457,-1.02268,0.0,0.00422,0.26451,-0.0,0.23204,8192,4,-18.91685,-0.94295
math-74-5,74,math,False,True,8.62817,-7.33265,-0.37685,0.99982,0.00065,0.40689,-0.0,0.19351,825,2506,14.06679,11.93206
math-477-5,477,math,False,False,-3.47681,7.2431,0.38589,0.02998,0.99929,0.59529,0.63903,0.148,677,2070,2.29568,7.81389
math-157-7,157,math,False,False,-19.93034,5.3752,-0.96062,0.0,0.99539,0.27675,0.94335,0.22834,8192,4,-19.42387,-3.43281
math-112-3,112,math,False,True,7.89862,-8.31686,0.94473,0.99963,0.00024,0.72005,-0.0,0.11466,635,1853,3.24596,8.40648
math-23-8,23,math,False,True,-1.64089,2.62578,-1.83251,0.16234,0.9325,0.13794,-0.0,0.28035,4861,15659,-2.84419,4.90098
math-167-3,167,math,False,False,-24.12862,-6.66896,-2.85277,0.0,0.00127,0.05454,-0.0,0.34122,8192,4,-19.1705,-1.35713
math-277-1,277,math,False,True,7.22215,-2.11103,1.05191,0.99927,0.10803,0.74114,-0.0,0.10827,3439,8138,-1.68092,6.61788
math-438-4,438,math,False,True,9.45582,-9.40613,-1.78083,0.99992,8e-05,0.1442,-0.0,0.27727,2307,6676,18.16646,6.13038
math-458-4,458,math,False,True,7.67743,-6.6513,-0.28059,0.99954,0.00129,0.43031,-0.0,0.18777,185,611,3.44662,10.12095
math-367-8,367,math,True,True,11.09862,2.08822,0.64082,0.99998,0.88975,0.65494,0.63903,0.13279,3539,7721,-1.855,6.65465
math-379-6,379,math,False,True,1.66758,5.95348,1.16309,0.84125,0.99741,0.76189,0.94045,0.10164,1478,3405,0.44287,7.6337
math-263-3,263,math,False,True,7.78672,-9.08192,1.36652,0.99958,0.00011,0.79682,-0.0,0.0895,435,1027,4.90383,10.17478
math-272-7,272,math,False,False,-1.35619,4.22954,0.72704,0.20486,0.98565,0.67416,0.32508,0.12765,4197,7843,-0.12594,10.69453
math-383-6,383,math,False,False,-12.97074,9.17333,-0.86999,0.0,0.9999,0.29526,0.63903,0.22293,8192,4,-18.17048,-3.62962
math-490-8,490,math,False,True,12.16097,-4.95338,0.58777,0.99999,0.00701,0.64285,-0.0,0.13596,4060,10588,-2.31034,2.96136
math-165-2,165,math,False,True,11.40578,7.00491,1.24885,0.99999,0.99909,0.7771,0.32508,0.09652,5950,13451,15.39306,10.09171
math-39-0,39,math,False,True,6.5004,-4.1811,1.25137,0.9985,0.01505,0.77754,-0.0,0.09637,478,1311,4.0012,9.74678
math-413-7,413,math,False,False,-43.49153,-21.40357,-0.94973,0.0,0.0,0.27894,0.32508,0.22769,8192,4,-18.41106,-0.7922
math-33-2,33,math,False,True,4.09327,4.52292,-1.74995,0.98359,0.98926,0.14805,0.67301,0.27543,6370,21785,-3.14899,5.27271
math-407-5,407,math,False,True,14.72815,-11.3915,0.86335,1.0,1e-05,0.70336,-0.0,0.11952,776,1972,2.66516,9.67429
math-47-0,47,math,False,False,-2.22129,8.10181,-0.73141,0.09785,0.9997,0.32488,0.32508,0.21466,7506,19066,18.63417,6.83562
math-156-7,156,math,False,True,4.27972,-4.86272,-0.4192,0.98634,0.00767,0.39671,-0.0,0.19603,2374,7211,-0.95558,7.36603
math-249-1,249,math,False,False,-21.62422,28.40245,1.39976,0.0,1.0,0.80215,0.32508,0.08752,8192,4,-18.17864,-3.65337
math-59-2,59,math,False,True,1.82312,5.99809,0.46558,0.86094,0.99752,0.61434,0.32508,0.14325,1224,2583,0.21469,10.83369
math-11-0,11,math,False,True,1.9329,-3.14089,-0.23675,0.87357,0.04145,0.44109,-0.0,0.18515,7056,16655,-3.32465,5.58665
math-466-9,466,math,False,True,10.39487,-4.60986,0.39613,0.99997,0.00986,0.59776,-0.0,0.14739,1593,3984,0.24009,7.50316
math-278-6,278,math,False,True,7.79309,-6.82978,0.6072,0.99959,0.00108,0.6473,-0.0,0.1348,622,1980,3.24067,11.69717
math-89-0,89,math,False,False,-47.17612,-4.01093,-1.23391,0.0,0.01779,0.2255,-0.0,0.24464,8192,4,-19.38952,-2.19786
math-384-0,384,math,True,False,-2.5108,-6.81201,1.31661,0.0751,0.0011,0.78862,-0.0,0.09248,989,2629,1.16919,6.04106
math-3-6,3,math,False,True,9.90167,-5.8452,1.22078,0.99995,0.00289,0.7722,-0.0,0.09819,973,2229,-1.60576,1.55896
math-59-9,59,math,False,True,1.86063,5.71437,0.94328,0.86537,0.99671,0.71976,0.32508,0.11475,994,1831,0.19366,10.81173
math-90-3,90,math,False,True,1.75852,4.16954,1.50663,0.85302,0.98478,0.81856,0.94045,0.08114,1879,3600,-0.66903,7.92289
math-195-3,195,math,False,False,-33.04169,-1.42108,-0.04532,0.0,0.19449,0.48867,0.89795,0.17373,8192,4,-19.42873,-2.82488
math-494-5,494,math,False,True,10.09279,-9.2144,0.76728,0.99996,0.0001,0.68293,-0.0,0.12525,2371,4841,15.91474,11.55116
math-440-3,440,math,False,True,5.15365,-9.05942,0.79165,0.99425,0.00012,0.68819,-0.0,0.1238,3494,7968,0.10078,5.77666
math-202-1,202,math,False,True,3.81169,2.84451,0.50772,0.97837,0.94503,0.62427,0.32508,0.14074,2018,4785,1.35273,9.64569
math-256-1,256,math,False,False,-9.1698,11.54603,0.58131,0.0001,0.99999,0.64137,2.30259,0.13634,1917,5049,2.27433,10.00794
math-278-2,278,math,False,True,9.38644,-8.09608,0.46924,0.99992,0.0003,0.6152,-0.0,0.14303,534,1749,3.2456,11.66167
math-50-0,50,math,False,True,7.1423,-17.26914,1.49709,0.99921,0.0,0.81714,-0.0,0.08171,578,1541,5.21515,9.50737
math-406-5,406,math,False,False,-1.62175,6.07509,-0.39424,0.16496,0.99771,0.4027,0.32508,0.19455,1148,4367,1.88564,8.14795
math-33-4,33,math,False,False,-41.79344,19.26707,-1.30572,0.0,1.0,0.2132,0.67301,0.24892,8192,4,-18.16525,-0.35744
math-134-9,134,math,False,True,6.00283,4.7941,-0.55272,0.99753,0.99179,0.36523,0.32508,0.204,1546,4986,1.87861,8.5408
math-177-2,177,math,True,True,2.72351,-0.43108,0.6409,0.9384,0.39387,0.65496,0.32508,0.13279,1732,3786,-0.47795,8.66931
math-475-0,475,math,False,True,8.32218,-4.95585,1.07082,0.99976,0.00699,0.74475,-0.0,0.10714,1827,4229,-0.65661,8.11357
math-136-0,136,math,False,True,7.59404,-6.48593,0.6142,0.9995,0.00152,0.6489,-0.0,0.13438,1069,2883,0.93294,9.30421
math-313-9,313,math,False,True,8.7703,-3.45704,-0.0407,0.99984,0.03056,0.48983,-0.0,0.17345,495,1773,5.80836,9.72559
math-286-2,286,math,False,False,-45.60295,10.62225,-0.39744,0.0,0.99998,0.40193,0.32508,0.19474,8192,4,-18.23337,-0.32693
math-170-3,170,math,False,True,2.48944,5.47616,0.90425,0.9234,0.99583,0.71182,0.63903,0.11708,539,1580,3.18545,9.78008
math-203-0,203,math,False,True,5.50494,-6.85313,-0.47101,0.99595,0.00106,0.38438,-0.0,0.19913,1952,6263,-0.98156,7.46637
math-326-7,326,math,False,True,-1.99131,2.46008,-0.31319,0.12012,0.9213,0.42234,0.94045,0.18971,739,2150,2.46397,8.85146
math-42-5,42,math,False,False,-2.55436,6.03715,0.40405,0.07213,0.99762,0.59966,1.74807,0.14692,5085,12563,-2.53566,5.12848
math-162-2,162,math,False,True,12.96686,-17.12091,0.81217,1.0,0.0,0.69257,-0.0,0.12257,403,1001,4.16922,10.39383
math-306-0,306,math,False,False,-2.75631,-10.68676,0.46506,0.05973,2e-05,0.61421,-0.0,0.14328,1066,2863,13.03211,11.31865
math-205-8,205,math,False,False,-35.139,-22.28505,-1.04975,0.0,0.0,0.25927,-0.0,0.23365,8192,4,-19.39273,-2.02598
math-317-5,317,math,True,True,11.61263,-11.1219,1.41257,0.99999,1e-05,0.80417,-0.0,0.08675,1258,2931,14.63345,11.6573
math-393-6,393,math,False,False,-53.95229,-4.62189,-2.081,0.0,0.00974,0.11096,-0.0,0.29518,8192,4,-18.31792,-0.35661
math-8-9,8,math,False,False,-5.30019,-5.79615,0.64647,0.00497,0.00303,0.65622,-0.0,0.13246,2481,6598,13.78738,10.74817
math-110-9,110,math,False,False,-18.28216,3.80176,-0.49291,0.0,0.97816,0.37921,1.0889,0.20043,8192,4,-18.78629,-3.41055
math-346-3,346,math,False,True,5.68446,-5.92215,0.20324,0.99661,0.00267,0.55063,-0.0,0.1589,702,1836,3.44688,3.73753
math-211-2,211,math,True,True,7.77003,14.34951,-0.38214,0.99958,1.0,0.40561,0.94335,0.19382,6677,17652,-3.51311,5.06961
math-213-0,213,math,False,True,5.34762,-4.71394,0.61164,0.99526,0.00889,0.64831,-0.0,0.13454,931,2950,2.76331,8.18397
math-483-0,483,math,False,True,7.17819,10.73831,-0.30964,0.99924,0.99998,0.4232,1.41848,0.1895,5914,15860,-2.97158,5.62117
math-392-6,392,math,False,True,12.98019,2.30415,0.15812,1.0,0.90922,0.53945,0.32508,0.16159,3341,8312,-2.23817,2.84609
math-142-4,142,math,False,False,-2.28443,14.8255,-1.40242,0.09242,1.0,0.19743,0.32508,0.25469,967,3949,1.74688,7.7828
math-4-1,4,math,False,True,3.69836,-1.10581,1.23662,0.97583,0.24865,0.77498,-0.0,0.09725,683,1748,2.60802,9.64128
math-101-7,101,math,True,False,-4.43464,13.32423,-0.37757,0.01172,1.0,0.40671,0.63903,0.19355,7717,22174,-3.60045,4.93356
math-325-5,325,math,False,False,-56.25526,-10.65883,-2.34494,0.0,2e-05,0.08747,-0.0,0.31092,8192,4,-18.61707,-1.12501
math-454-0,454,math,False,True,3.37097,3.98551,0.05649,0.96678,0.98176,0.51412,0.63903,0.16766,1185,2963,1.38053,7.93171
math-266-1,266,math,False,True,16.13251,-9.29576,1.06668,1.0,9e-05,0.74396,-0.0,0.10739,994,2523,1.5517,9.34973
math-240-4,240,math,False,False,-34.92252,-3.92591,-0.9326,0.0,0.01934,0.2824,-0.0,0.22666,8192,4,-18.68428,-1.66492
math-105-1,105,math,False,False,-44.03198,60.09272,-1.04745,0.0,1.0,0.25972,0.32508,0.23352,8192,4,-18.19214,-0.28954
math-54-7,54,math,False,True,7.12564,5.5715,-0.40062,0.9992,0.99621,0.40116,0.67301,0.19493,694,2177,0.60253,10.64187
math-364-2,364,math,False,True,8.30054,-16.81086,1.07452,0.99975,0.0,0.74546,-0.0,0.10692,571,1772,4.95758,9.34829
math-155-5,155,math,False,False,-25.35272,-6.23118,-3.11751,0.0,0.00196,0.04239,-0.0,0.35702,8192,4,-19.25643,-3.27267
math-402-7,402,math,False,False,-70.87554,-4.58091,-0.12504,0.0,0.01014,0.46878,-0.0,0.17849,8192,4,-18.93414,-0.93126
math-329-3,329,math,False,False,-6.26693,11.74461,0.25839,0.00189,0.99999,0.56424,1.35924,0.15561,7669,18577,-2.65944,3.72694
math-174-1,174,math,True,True,12.09925,4.02793,0.89114,0.99999,0.9825,0.70912,1.16828,0.11786,3843,9184,-2.56983,5.95392
math-57-0,57,math,False,False,-1.44403,3.55606,1.21079,0.19092,0.97224,0.77044,1.22753,0.09879,730,1789,1.94064,9.65907
math-99-2,99,math,False,True,16.30032,-29.65369,0.09403,1.0,0.0,0.52349,-0.0,0.16542,548,1736,3.35494,11.47551
math-12-9,12,math,False,False,-53.3289,-4.43446,-0.33192,0.0,0.01172,0.41777,-0.0,0.19083,8192,4,-18.46921,-0.62733
math-497-5,497,math,False,True,11.13644,-8.74456,0.93168,0.99999,0.00016,0.71742,-0.0,0.11544,1366,3214,15.18816,9.00958
math-429-9,429,math,False,True,5.61753,4.06567,-0.96231,0.99638,0.98314,0.27642,0.63903,0.22844,5856,15722,18.40005,7.23226
math-353-9,353,math,False,False,-34.36817,-15.62588,-1.182,0.0,0.0,0.23469,-0.0,0.24154,8192,4,-17.86981,0.55151
math-324-4,324,math,False,False,-6.58913,-6.30044,-1.70508,0.00137,0.00183,0.1538,-0.0,0.27275,8192,4,-19.33923,-3.15288
math-356-6,356,math,False,False,-48.61325,5.21721,-0.41038,0.0,0.99461,0.39882,0.32508,0.19551,8192,4,-18.14089,-3.98075
math-295-2,295,math,False,False,-6.03945,5.16293,-1.05217,0.00238,0.99431,0.25881,0.89795,0.2338,8192,4,-19.54534,-2.18288
math-161-5,161,math,False,True,4.33016,-10.25615,0.4824,0.98701,4e-05,0.61831,-0.0,0.14225,558,1382,5.04777,9.6224
math-268-6,268,math,False,False,-6.16877,-5.32766,-0.16751,0.00209,0.00483,0.45822,-0.0,0.18102,3536,9959,-2.53895,6.93458
math-487-5,487,math,False,False,-26.9524,14.2889,-1.84549,0.0,1.0,0.1364,0.69315,0.28113,8192,4,-18.03043,-0.31227
math-78-9,78,math,False,True,11.09569,-13.98813,0.74126,0.99998,0.0,0.67727,-0.0,0.1268,484,1227,4.91606,10.02936
math-188-4,188,math,True,True,9.52794,-9.74421,1.13065,0.99993,6e-05,0.75596,-0.0,0.10357,666,1952,2.99937,8.25851
math-497-6,497,math,False,True,9.91125,-6.90044,1.05193,0.99995,0.00101,0.74115,-0.0,0.10827,1324,3150,15.14754,9.05648
math-71-8,71,math,False,False,-4.6167,3.28512,-0.1504,0.00979,0.96391,0.46247,0.94045,0.18,1070,3023,0.49793,10.0431
math-94-1,94,math,False,True,5.12253,-11.81335,1.04697,0.99407,1e-05,0.74019,-0.0,0.10856,1414,3569,12.7883,11.17148
math-184-0,184,math,False,False,-1.5947,1.45445,0.67295,0.16872,0.81068,0.66216,1.22753,0.13088,2893,6675,-1.40908,7.08864
math-240-2,240,math,False,False,-34.0945,-29.67814,-0.67252,0.0,0.0,0.33793,-0.0,0.21115,8192,4,-19.3941,-2.68491
math-357-5,357,math,False,True,2.41056,4.57301,0.3697,0.91763,0.98978,0.59139,0.32508,0.14897,2200,5182,-0.54068,6.82653
math-258-3,258,math,False,False,-4.72064,2.31488,0.24654,0.00883,0.9101,0.56133,0.32508,0.15632,1082,3711,2.02993,9.21758
math-366-7,366,math,False,False,-24.23791,-19.43423,-0.92744,0.0,0.0,0.28344,-0.0,0.22636,8192,4,-18.17744,-3.50703
math-281-4,281,math,False,False,-1.76905,-3.58612,0.27055,0.14566,0.02696,0.56723,-0.0,0.15488,2212,6669,-0.9645,7.10737
math-490-2,490,math,True,True,13.09724,-5.88823,0.80414,1.0,0.00276,0.69086,-0.0,0.12305,2867,7407,-2.19854,2.77962
math-25-7,25,math,False,False,-4.28644,4.82435,1.05129,0.01357,0.99203,0.74102,2.30259,0.10831,1869,4722,-0.6042,7.73209
math-365-0,365,math,False,True,2.79476,-3.27156,-1.4019,0.94239,0.03656,0.19751,-0.0,0.25466,7358,22982,19.29151,6.75664
math-460-3,460,math,False,False,-4.14455,-2.55648,0.92598,0.0156,0.07199,0.71626,-0.0,0.11578,3637,8772,14.5329,10.11456
math-10-0,10,math,False,False,-41.06074,-5.57732,-4.10598,0.0,0.00377,0.01621,-0.0,0.41599,8192,4,-18.61113,-0.79697
math-320-1,320,math,False,True,13.53246,-9.86515,1.1597,1.0,5e-05,0.76128,-0.0,0.10184,613,1777,5.20077,9.59553
math-222-3,222,math,False,True,12.01915,-10.16361,0.57192,0.99999,4e-05,0.63921,-0.0,0.13691,3401,7172,14.33208,10.5429
math-209-7,209,math,False,True,6.54308,-5.05954,0.5848,0.99856,0.00631,0.64217,-0.0,0.13614,659,1930,2.79475,9.42637
math-213-4,213,math,False,True,5.75565,-5.10082,0.73247,0.99685,0.00605,0.67535,-0.0,0.12733,959,2945,2.77775,8.14912
math-290-8,290,math,True,True,10.94215,-6.93068,0.35946,0.99998,0.00098,0.58891,-0.0,0.14958,2890,7372,-1.16705,6.98227
math-310-3,310,math,False,True,8.84088,3.7923,0.09282,0.99986,0.97795,0.52319,-0.0,0.16549,4224,9939,-2.8244,6.08377
math-30-1,30,math,True,True,10.47621,2.72765,-0.42788,0.99997,0.93864,0.39463,0.61086,0.19655,910,3192,1.96174,8.04819
math-11-3,11,math,False,True,3.16633,-1.58189,-0.13214,0.95955,0.17053,0.46701,-0.0,0.17891,6571,16242,-3.33405,5.6002
math-325-9,325,math,False,False,-51.21969,-4.35171,-2.45019,0.0,0.01272,0.07942,-0.0,0.3172,8192,4,-19.10005,-1.5867
math-424-2,424,math,False,True,2.68745,7.19869,1.14396,0.93628,0.99925,0.75841,1.35924,0.10278,5894,11117,-2.0482,5.40483
math-184-5,184,math,False,False,6.16956,-2.87107,0.39065,0.99791,0.0536,0.59644,1.22753,0.14772,2672,6242,15.84079,11.48959
math-180-7,180,math,False,True,3.70187,-5.10108,0.96211,0.97592,0.00605,0.72354,-0.0,0.11363,2296,5256,13.93395,10.23125
math-339-6,339,math,False,True,-4.40581,0.57269,0.96588,0.01206,0.63938,0.7243,-0.0,0.1134,1473,3477,0.27416,9.34635
math-167-2,167,math,False,False,-41.72148,-3.878,-2.24695,0.0,0.02027,0.09561,-0.0,0.30508,8192,4,-17.84494,0.66371
math-270-4,270,math,False,True,10.61745,-5.77538,-0.20414,0.99998,0.00309,0.44914,-0.0,0.1832,886,3247,2.24045,8.57905
math-370-9,370,math,False,True,7.38227,-3.78982,-0.58641,0.99938,0.0221,0.35746,-0.0,0.20601,3369,10548,-2.05954,6.67358
math-459-8,459,math,False,False,-2.67269,8.2209,-1.69125,0.0646,0.99973,0.15561,0.32508,0.27193,2186,6774,-1.6996,7.74167
math-105-2,105,math,False,False,-84.87464,5.69643,-0.7369,0.0,0.99665,0.32368,0.32508,0.21499,8192,4,-17.92383,0.50866
math-163-8,163,math,False,True,4.15681,-6.43733,0.2572,0.98458,0.0016,0.56395,-0.0,0.15568,2029,5591,-0.67237,7.95073
math-118-9,118,math,True,True,7.40048,-14.31773,0.7447,0.99939,0.0,0.67802,-0.0,0.1266,495,1549,5.35803,9.79905
math-191-1,191,math,False,True,9.96858,-5.96305,0.2443,0.99995,0.00257,0.56077,-0.0,0.15645,1517,4569,14.30775,12.07306
math-417-6,417,math,False,True,8.55228,-2.66983,0.66212,0.99981,0.06478,0.65974,-0.0,0.13152,3920,7681,-2.39367,5.72289
math-319-9,319,math,False,False,-4.22387,-7.97164,1.59005,0.01443,0.00034,0.83062,-0.0,0.07616,900,2265,2.35856,10.81897
math-447-4,447,math,False,True,5.22803,-3.57047,1.22288,0.99466,0.02737,0.77257,-0.0,0.09807,1096,2379,0.11478,7.17123
math-337-0,337,math,False,True,12.80509,-9.60732,1.37134,1.0,7e-05,0.7976,-0.0,0.08921,978,2075,1.19826,9.95954
math-328-1,328,math,False,False,-37.40653,41.57632,-0.69532,0.0,1.0,0.33285,0.32508,0.21251,8192,4,-19.46619,-2.19714
math-396-1,396,math,False,True,1.39446,-12.49769,0.29125,0.8013,0.0,0.5723,-0.0,0.15365,1129,2927,14.93434,11.95864
math-333-9,333,math,False,False,-5.05726,7.4088,-0.78653,0.00632,0.99939,0.31291,1.16828,0.21795,8075,20871,19.33691,6.98477
math-373-4,373,math,False,False,-5.40387,3.99738,-0.04074,0.00448,0.98197,0.48982,0.80182,0.17346,5284,13178,-3.62546,5.17574
math-336-2,336,math,False,True,6.89125,-2.64043,0.63457,0.99898,0.06658,0.65353,-0.0,0.13317,3944,8312,14.87039,10.35357
math-75-1,75,math,False,True,12.28378,-11.03819,1.47427,1.0,2e-05,0.81371,-0.0,0.08307,1383,3834,2.58114,11.68754
math-349-8,349,math,False,True,7.1545,-8.77704,1.09658,0.99922,0.00015,0.74962,-0.0,0.1056,1416,3071,0.27239,10.84315
math-371-8,371,math,False,True,5.02558,-7.74367,0.82384,0.99348,0.00043,0.69505,-0.0,0.12188,625,1884,2.57073,10.40212
math-354-7,354,math,False,True,4.36207,-4.34662,-0.21853,0.98741,0.01278,0.44558,-0.0,0.18406,1134,4031,13.75059,11.92507
math-346-8,346,math,False,True,6.31791,-5.746,0.64655,0.9982,0.00319,0.65623,-0.0,0.13245,537,1403,3.46073,3.72368
math-225-6,225,math,False,False,-27.74157,4.59543,0.20231,0.0,0.99,0.55041,0.67301,0.15896,8192,4,-18.43075,-0.60943
math-94-4,94,math,False,True,6.40224,-15.76319,1.38485,0.99834,0.0,0.79977,-0.0,0.08841,942,2500,12.72618,11.29262
math-29-9,29,math,False,True,9.1994,-8.38391,0.31598,0.9999,0.00023,0.57834,-0.0,0.15217,958,3089,1.45488,8.98938
math-52-9,52,math,True,True,8.29538,-4.59541,1.6827,0.99975,0.01,0.84326,-0.0,0.07064,1773,4252,0.06736,5.767
math-495-7,495,math,True,False,-13.46878,-16.47756,-0.84846,0.0,0.0,0.29976,-0.0,0.22164,8192,4,-19.26272,-3.08796
math-206-8,206,math,False,True,2.4165,-9.61079,0.69741,0.91808,7e-05,0.66761,-0.0,0.12942,1051,2717,14.52512,11.26467
math-420-7,420,math,False,True,3.13241,6.52597,-0.19151,0.95821,0.99854,0.45227,0.94045,0.18245,5974,15552,-3.00849,5.44859
math-498-0,498,math,False,False,-40.90973,-13.0149,-0.37841,0.0,0.0,0.40651,-0.0,0.1936,8192,4,-19.31643,-1.89003
math-347-7,347,math,False,True,4.02107,-13.21056,1.23033,0.98238,0.0,0.77388,-0.0,0.09762,1119,2602,12.91338,11.28359
math-6-3,6,math,False,True,15.41729,-3.40473,-0.68482,1.0,0.03215,0.33519,-0.0,0.21188,941,3813,1.8995,8.64241
math-379-1,379,math,False,True,2.14789,6.15818,0.92299,0.89547,0.99789,0.71565,0.94045,0.11596,1548,3722,0.43422,7.64039
math-29-0,29,math,False,True,3.60676,-3.89759,0.20865,0.97358,0.01989,0.55197,-0.0,0.15858,1476,4456,1.36432,8.8752
math-89-7,89,math,False,False,-26.91118,-7.97064,-1.34424,0.0,0.00035,0.20681,-0.0,0.25122,8192,4,-18.05043,-0.1289
math-47-4,47,math,True,True,11.52905,3.96234,0.87929,0.99999,0.98134,0.70668,0.32508,0.11857,4271,9935,15.06037,10.3385
math-188-3,188,math,False,True,7.09908,-13.31092,1.44094,0.99917,0.0,0.8086,-0.0,0.08506,709,1987,2.90015,8.1633
math-125-9,125,math,False,True,3.55311,4.55959,1.04259,0.97216,0.98964,0.73935,0.32508,0.10882,2066,5003,13.33057,11.00265
math-357-3,357,math,False,True,3.16353,2.70554,-0.09223,0.95944,0.93735,0.47696,0.32508,0.17653,1893,4960,0.00565,6.54824
math-76-7,76,math,False,True,2.63554,-6.65264,0.18389,0.93311,0.00129,0.54584,-0.0,0.16005,2560,6868,-1.17389,7.77196
math-492-8,492,math,False,False,-2.09304,10.97071,-2.58197,0.10977,0.99998,0.07031,1.49787,0.32507,4849,17197,2.18754,7.17578
math-73-4,73,math,False,True,6.00333,-5.91724,-0.49452,0.99754,0.00269,0.37883,-0.0,0.20053,1257,4051,1.92826,9.35409
math-49-7,49,math,False,True,8.26423,-9.16448,0.44669,0.99974,0.0001,0.60985,-0.0,0.14438,553,1619,3.18735,9.90214
math-209-2,209,math,False,True,9.03579,-4.4162,0.55228,0.99988,0.01194,0.63466,-0.0,0.13808,751,2067,2.51961,9.23567
math-443-0,443,math,False,True,9.63906,-7.1964,0.38216,0.99993,0.00075,0.59439,-0.0,0.14823,1287,3125,-1.77062,1.74476
